-- MySQL dump 10.13  Distrib 8.0.29, for Linux (x86_64)
--
-- Host: nikolaospapa3.mysql.pythonanywhere-services.com    Database: nikolaospapa3$musicteams
-- ------------------------------------------------------
-- Server version	8.0.32

/*!40101 SET @OLD_CHARACTER_SET_CLIENT=@@CHARACTER_SET_CLIENT */;
/*!40101 SET @OLD_CHARACTER_SET_RESULTS=@@CHARACTER_SET_RESULTS */;
/*!40101 SET @OLD_COLLATION_CONNECTION=@@COLLATION_CONNECTION */;
/*!50503 SET NAMES utf8mb4 */;
/*!40103 SET @OLD_TIME_ZONE=@@TIME_ZONE */;
/*!40103 SET TIME_ZONE='+00:00' */;
/*!40014 SET @OLD_UNIQUE_CHECKS=@@UNIQUE_CHECKS, UNIQUE_CHECKS=0 */;
/*!40014 SET @OLD_FOREIGN_KEY_CHECKS=@@FOREIGN_KEY_CHECKS, FOREIGN_KEY_CHECKS=0 */;
/*!40101 SET @OLD_SQL_MODE=@@SQL_MODE, SQL_MODE='NO_AUTO_VALUE_ON_ZERO' */;
/*!40111 SET @OLD_SQL_NOTES=@@SQL_NOTES, SQL_NOTES=0 */;

--
-- Table structure for table `composer`
--

DROP TABLE IF EXISTS `composer`;
/*!40101 SET @saved_cs_client     = @@character_set_client */;
/*!50503 SET character_set_client = utf8mb4 */;
CREATE TABLE `composer` (
  `name` varchar(50) COLLATE utf8mb4_general_ci NOT NULL,
  PRIMARY KEY (`name`)
) ENGINE=InnoDB DEFAULT CHARSET=utf8mb4 COLLATE=utf8mb4_general_ci;
/*!40101 SET character_set_client = @saved_cs_client */;

--
-- Dumping data for table `composer`
--

LOCK TABLES `composer` WRITE;
/*!40000 ALTER TABLE `composer` DISABLE KEYS */;
INSERT INTO `composer` VALUES (''),('Guns and Roses'),('Lennon'),('MacCartney'),('Symon'),('Theodorakis'),('Αλαγιάννη Βάσω'),('Αντώνης Βαρδής'),('Βασίλης Καζούλης'),('Γιώργος Νταλάρας'),('Δήμας Αλέξανδρος'),('Διονύσης Σαββόπουλος'),('Ζώρας Σταύρος'),('Θανάσης Βούτσινος'),('Κατσιμίχας Πάνος'),('Κατσιμίχας Χάρης'),('Κηλαηδόνης Λουκιανός'),('Λαυρέντης Μαχαιρίτσας'),('Μάλαμας Σωκράτης'),('Μίκης Θεοδωράκης'),('Μικρούτσικος Θάνος'),('Μπουρμάς Τάκης'),('Νταλάρας Γιώργος'),('Ξαρχάκος Σταύρος'),('Ορφέας Περίδης'),('Πάνος Κατσιμίχας'),('Παντελής Θαλασσινός'),('Παπακωνσταντίνου Θανάσης'),('Παύλος σιδηρόπουλος'),('Πέτρος'),('Χάρης και Πάνος Κατσιμίχας'),('Χάρης Κατσιμίχας');
/*!40000 ALTER TABLE `composer` ENABLE KEYS */;
UNLOCK TABLES;

--
-- Table structure for table `lyricist`
--

DROP TABLE IF EXISTS `lyricist`;
/*!40101 SET @saved_cs_client     = @@character_set_client */;
/*!50503 SET character_set_client = utf8mb4 */;
CREATE TABLE `lyricist` (
  `name` varchar(50) COLLATE utf8mb4_general_ci NOT NULL,
  PRIMARY KEY (`name`)
) ENGINE=InnoDB DEFAULT CHARSET=utf8mb4 COLLATE=utf8mb4_general_ci;
/*!40101 SET character_set_client = @saved_cs_client */;

--
-- Dumping data for table `lyricist`
--

LOCK TABLES `lyricist` WRITE;
/*!40000 ALTER TABLE `lyricist` DISABLE KEYS */;
INSERT INTO `lyricist` VALUES (''),('Guns and Roses'),('Lennon'),('MacCartney'),('Many'),('Ritsos'),('Theodorakis'),('Αλαγιάννη Βάσω'),('Αλκαίος Άλκης'),('Ανδρικάκης Αντώνης'),('Βασίλης Καζούλης'),('Γιάννης Θεοδωράκης'),('Γιάννης Ρίτσος'),('Γιώργος Σεφέρης'),('Δήμας Αλέξανδρος'),('Διονύσης Σαββόπουλος'),('Ζώρας Σταύρος'),('Θανάσης Βούτσινος'),('Κατσιμίχας Πάνος'),('Κατσιμίχας Χάρης'),('Κηλαηδόνης Λουκιανός'),('Λαυρέντης Μαχαιρίτσας'),('Μάλαμας Σωκράτης'),('Μίκης Θεοδωράκης'),('Μπετίνη Βέτα'),('Ορφέας Περίδης'),('Πάνος Κατσιμίχας'),('Παντελής Θαλασσινός'),('Παπακωνσταντίνου Θανάσης'),('Παύλος σιδηρόπουλος'),('Ρίτσος'),('Φερρής Κώστας'),('Χάρης και Πάνος Κατσιμίχας'),('Χάρης Κατσιμίχας');
/*!40000 ALTER TABLE `lyricist` ENABLE KEYS */;
UNLOCK TABLES;

--
-- Table structure for table `song`
--

DROP TABLE IF EXISTS `song`;
/*!40101 SET @saved_cs_client     = @@character_set_client */;
/*!50503 SET character_set_client = utf8mb4 */;
CREATE TABLE `song` (
  `id` int NOT NULL AUTO_INCREMENT,
  `title` varchar(50) COLLATE utf8mb4_general_ci DEFAULT NULL,
  `lyrics` text COLLATE utf8mb4_general_ci,
  `chords` text COLLATE utf8mb4_general_ci,
  `likes` int DEFAULT '0',
  `made_by` varchar(20) COLLATE utf8mb4_general_ci DEFAULT 'AntonisNikos',
  `public` tinyint(1) DEFAULT '0',
  PRIMARY KEY (`id`),
  KEY `made_by` (`made_by`),
  CONSTRAINT `song_ibfk_1` FOREIGN KEY (`made_by`) REFERENCES `user` (`username`)
) ENGINE=InnoDB AUTO_INCREMENT=36 DEFAULT CHARSET=utf8mb4 COLLATE=utf8mb4_general_ci;
/*!40101 SET character_set_client = @saved_cs_client */;

--
-- Dumping data for table `song`
--

LOCK TABLES `song` WRITE;
/*!40000 ALTER TABLE `song` DISABLE KEYS */;
INSERT INTO `song` VALUES (1,'Αυτά τα δέντρα','Aυτά τα δέντρα δε βολεύονται με λιγότερο ουρανό,\nαυτές οι πέτρες δε βολεύονται κάτου απ’ τα, απ\' τα ξένα βήματα,\nαυτά τα πρόσωπα δε βολεύονται παρά μόνο στον ήλιο,\nαυτές οι καρδιές δε βολεύονται παρά μόνο στο δίκιο.\n\n(Αφηγηματικά)\nEτούτο το τοπίο είναι σκληρό σαν τη σιωπή,\nσφίγγει στον κόρφο του τα πυρωμένα του λιθάρια,\nσφίγγει στο φως τις ορφανές ελιές του και τ’ αμπέλια του.\nΔεν υπάρχει νερό. Mονάχα φως.\n\nO δρόμος χάνεται στο φως\nκι ο ίσκιος της μάντρας είναι σίδερο.','Cm                    A#            Cm    A#   Cm\nCm                     A#                Cm          A#       Cm\n\n\n\nΑ\n\n\n\n\n\n\n',0,'AntonisNikos',0),(2,'Μαργαρίτα Μαργαρώ','Η μαργαρίτα η μαργαρώ\nΠεριστεράκι στον ουρανό\nΤον ουρανό μεσ στα δυο σου μάτια κοιτάζω\nΒλέπω την πούλια και τον αστεριμό\nΗ μάνα σου είναι τρελή\nΚαι σε κλειδώνει μοναχή\nΣαν θέλω νά \'μπω στην κάμαρή σου\nΜου ρίχνεισ μεταξωτό σκοινί\nΚαι κλειδωμένουσ μασ βλέπει η νύχτα\nΜασ βλέπουν τ\' άστρα κι η χαραυγή\nΗ μαργαρίτα η μαργαρώ\nΒαρκούλα στο σαρωνικό\nΣαρωνικέ μου τα κυματάκια σου δώσ\' μου\nΔώσ\' μου τ\' αγέρι δώσ\' μου το πέλαγο\nΗ μάνα σου είναι τρελή\nΚαι σε κλειδώνει μοναχή\nΣαν θέλω νά \'μπω στην κάμαρή σου\nΜου ρίχνεισ μεταξωτό σκοινί\nΚαι κλειδωμένουσ μασ βλέπει η νύχτα\nΜασ βλέπουν τ\' άστρα κι η χαραυγή\nΗ μαργαρίτα η μαργαρώ\nΔεντράκι στο βοτανικό\nΠάρε το τραμ μόλισ δεισ πωσ πέφτει η νύχτα\nΠέφτουν οι ώρεσ πέφτω λιποθυμώ\nΗ μάνα σου είναι τρελή\nΚαι σε κλειδώνει μοναχή\nΣαν θέλω νά \'μπεισ στην κάμαρή σου\nΜου ρίχνεισ μεταξωτό σχοινί\nΚαι κλειδωμένουσ μασ βλέπει η νύχτα\nΜασ βλέπουν τ\' άστρα κι η χαραυγή','Dm\nDm\nF                           A\nA7                             Dm\n\n\nF\n                          Dm\n\n\n\n\n\n\n\n\n\n\n\n\n\n\n\n\n\n\n\n\n\n',0,'AntonisNikos',1),(3,'A day in life','I read the news today, oh boy\nAbout a lucky man who made the grade\nAnd though the news was rather sad\nWell, I just had to laugh\nI saw the photograph\nHe blew his mind out in a car\nHe didn\'t notice that the lights had changed\nA crowd of people stood and stared\nThey\'d seen his face before\nNobody was really sure if he was from the House of Lords\nI saw a film today, oh boy\nThe English Army had just won the war\nA crowd of people turned away\nBut I just had to look\nHaving read the book\nI\'d love to turn you on\nWoke up, fell out of bed\nDragged a comb across my head\nFound my way downstairs and drank a cup\nAnd looking up, I noticed I was late\nFound my coat and grabbed my hat\nMade the bus in seconds flat\nFound my way upstairs and had a smoke\nAnd somebody spoke and I went into a dream\nI read the news today, oh boy\nFour thousand holes in Blackburn, Lancashire\nAnd though the holes were rather small\nThey had to count them all\nNow they know how many holes it takes to fill the Albert Hall\nI\'d love to turn you on','Am   F   C   G                      Am   F   C   E\nAm       F          C    G\nAm     F              C      E\nAm         F            C              G\nAm            F              C                E \nAm \n\n\n\n\n\n\n\n\n\n\n\n\n\n\n\n\n\n\n\n\n\n\n\n',0,'AntonisNikos',0),(4,'Μη γυρίσεις','Intro\n\n..Για θυμήσου καλά\nμήπως έχεις χαθεί μέσα σε δρόμους που καίνε\nΒάλε εσύ μια φωνή\nκαι αν δεν είμαι εκεί Χάρη να μη με λένε\n\n..Δεν είναι η ανάγκη\nΔεν είναι η μοναξιά που εκεί θα με φέρει\nΈχω αντέξει πολλά\nΔε με ξέρεις καλά, κανείς δε με ξέρει\n\nΜη γυρίσεις, τίποτα μη ζητήσεις\nγια ένα βράδυ μη με χαραμίσεις\nΜη γυρίσεις, τίποτα μη ζητήσεις\nγια ένα βράδυ μη με χαραμίσεις\n\n..Μπαίνω μες στη σκιά,\nμε τυφλώνει το φως,\nμ’ αρρωσταίνουν οι λέξεις\nΈχω βαρεθεί\nΔε θέλω να εξηγώ\nΠρέπει εσύ να διαλέξεις\n\n..Όμως στο λέω ξανά\nμήπως έχεις χαθεί μέσα σε δρόμους που καίνε\nΒάλε εσύ μια φωνή\nκαι αν δεν είμαι εκεί Χάρη να μη με λένε\n\nΜη γυρίσεις, τίποτα μη ζητήσεις\nγια ένα βράδυ μη με χαραμίσεις\nΜη γυρίσεις, τίποτα μη ζητήσεις\nγια ένα βράδυ μη με χαραμίσεις','C    Bm    Am     Bm\n\nC D\nC                          Bm          Em       C\nD\nC                      Bm            Em\n\n\n\n\n\n\nEm    C       D           Bm\nEm        C    D         Bm\nEm    C       D           Bm\nEm       C     D         Bm   Em\n\n\n\n\n\n\n\n\n\n\n\n\n\n\n\n\n',0,'AntonisNikos',0),(5,'Στο ίδιο έργο θεατές','Στο ίδιο έργο θεατές χαμένης νύχτασ εραστές\nΜε μια κιθάρα στησ αθήνασ τον εξώστη\nΑπό το σήμερα στο χτεσ τησ απουσίασ φοιτητέσ\nΜε έναν ήχο στην ψυχή ναυαγοσώστη\nΌ, τι ακούω να ακούσ μέσα σε κόσμους μυστικούς\nΘ\' ανακαλύψεισ μια πατρίδα ξεχασμένη\nΠαραδομένη στουσ καιρούσ και σε πελάτεσ πονηρούσ\nΣε συμπληγάδεσ μια ζωή παγιδευμένη\nΣτο ίδιο έργο θεατέσ εσύ κι εγώ τραγουδιστέσ\nΦανατικοί τησ πιο φευγάτησ εξουσίασ\nΟι ήχοι μασ διαδηλωτέσ και τα στιχάκια εμπρηστέσ\nΑυτό το έργο είναι παιχνίδι φαντασίασ\nΣενάριο χωρίσ πλοκή τησ ιστορίασ εμπλοκή\nΑυτά τα χρόνια που χρεώθηκεσ να ζήσεισ\nΜε ποια τραγούδια να σωθείσ\nΜε ποιουσ δικούσ σου να βρεθείσ\nΚαι ποιαν αλήθεια τώρα πια να μαρτυρήσεισ\nΘα βρούμε αλλιώτικουσ ρυθμούσ\nΣτου τραγουδιού μασ τουσ γκρεμούσ\nΘα περπατήσουμε κι απόψε ακροβάτεσ\nΜέσα από λόγια και λυγμούσ\nΤησ εποχήσ μασ τουσ χρησμούσ\nΘα ξεχωρίσουμε απ\' τισ οφθαλμαπάτεσ\nΣτο ίδιο έργο θεατέσ εσύ κι εγώ τραγουδιστέσ\nΦανατικοί τησ πιο φευγάτησ εξουσίασ\nΟι ήχοι μασ διαδηλωτέσ και τα στιχάκια εμπρηστέσ\nΑυτό το έργο είναι παιχνίδι φαντασίασ\nΣτο ίδιο πάντα σκηνικό και στησ ψυχήσ τον πανικό\nΑπόψε πνίγομαι χρειάζομαι αέρα\nΘέλω ν\' αρχίσω από δω αλλιώσ τα πράγματα να δω\nΝα πω στον κόσμο μια δική μου καλησπέρα','Am                E                      Am\n          Dm         F          Am\n                    C                     F\n        Dm          F        E\n\n\n\n\n\n\n\n\n\n\n\n\n\n\n\n\n\n\n\n\n\n\n\n\n\n\n',0,'AntonisNikos',0),(6,'Epitaph','The wall on which the prophets wrote\nIs cracking at the seams\nUpon the instruments of death\nThe sunlight brightly gleams\nWhen every man is torn apart\nWith nightmares and with dreams\nWill no one lay the laurel wreath\nWhen silence drowns the screams\nConfusion will be my epitaph\nAs I crawl a cracked and broken path\nIf we make it we can all sit back and laugh\nBut I fear tomorrow I\'ll be crying\nYes, I fear tomorrow I\'ll be crying\nYes, I fear tomorrow I\'ll be crying\nBetween the iron gates of fate\nThe seeds of time were sown\nAnd watered by the deeds of those\nWho know and who are known\nKnowledge is a deadly friend\nIf no one sets the rules\nThe fate of all mankind I see\nIs in the hands of fools\nThe wall on which the prophets wrote\nIs cracking at the seams\nUpon the instruments of death\nThe sunlight brightly gleams\nWhen every man is torn apart\nWith nightmares and with dreams\nWill no one lay the laurel wreath\nWhen silence drowns the screams?\nConfusion will be my epitaph\nAs I crawl a cracked and broken path\nIf we make it we can all sit back and laugh\nBut I fear tomorrow I\'ll be crying\nYes, I fear tomorrow I\'ll be crying\nYes, I fear tomorrow I\'ll be crying\nCrying\nCrying\nYes, I fear tomorrow I\'ll be crying\nYes, I fear tomorrow I\'ll be crying\nYes, I fear tomorrow I\'ll be crying\nCrying\n','Am        F \n\nC \n            Dm\n\n\n\n\n\n\n\n\n\n\n\n\n\n\n\n\n\n\n\n\n\n\n\n\n\n\n\n\n\n\n\n\n\n\n\n\n\n\n',0,'AntonisNikos',0),(7,'Εσένα που σε ξέρω τόσο λίγο','Intro\n\nΕσένα που σε ξέρω τόσο λίγο\nεσένα που αγαπώ τόσο πολύ\nγια πες μου θες να μείνω η να φύγω\nγια πες μου πριν μας έβρει το πρωί\n\nΤ’αστέρια από ψηλά\nμας βλέπουν σιωπηλά\nτην νύχτα αυτή που στάθηκε ο χρόνος\nτα μάτια σου φωτιά\nτα χείλη σου δροσιά\nαν φύγεις και μ’ αφήσεις θα ’μαι μόνος\n\nIntro\n\nΤ\' αστέρια...','Dm  G  C  F  Dm  E  Am  E  Am\n\nAm            G   E     Am\nAm           G         C\n     Dm              E         Am\n     G               E          Am\n\n     Dm          G\n      C           F\n     Dm             E         Am\n    Dm           G\n     C            F\n    Dm             E              Am\n\n\n\n',0,'AntonisNikos',0),(8,'Τι έπαιξα στο Λαύριο','Δεν ξέρω τι να παίξω στα παιδιά\nστην αγορά, στο Λαύριο\nΕίμαι μεγάλος, με τιράντες και γυαλιά\nκι όλο φοβάμαι το αύριο\n\nΠώς να κρυφτείς απ\' τα παιδιά;\nΈτσι κι αλλιώς τα ξέρουν όλα.\nΚαι μας κοιτάζουν με μάτια σαν κι αυτά\nόταν ξυπνούν στις δύο η ώρα\n\nΡεφρέν (1ο)\n\nΖούμε μέσα σ\' ένα όνειρο που τρίζει\nσαν το ξύλινο ποδάρι της γιαγιάς μας\nμα ο χρόνος ο αληθινός\nσαν μικρό παιδί είναι εξόριστος\nμα ο χρόνος ο αληθινός\nείναι ο γιος μας ο μεγάλος κι ο μικρός\n\nΔεν ξέρω τι να παίξω στα παιδιά\nμα ούτε και στους μεγάλους\nπάει καιρός που έχω μάθει ξαφνικά\nπως είμαι ασχημοπαπαγάλος\n\nΠώς να τα κρύψεις όλα αυτά;\nΈτσι κι αλλιώς τα ξέρουν όλοι.\nΚαι σε κοιτάζουν με μάτια σαν κι αυτά\nόταν γυρνάς μέσα στην πόλη   \n\nΡεφρέν (2ο)\n\nΖούμε μέσα…\n','C        Am     Dm\nG       (G7)      C\nC        Am          Dm\nG         (G7)     C\n\nF            G              C\nF           G            C E\nF           E         Am\nD                       G\n\n\n\n       C          Am           Dm\n        G                     C\n       A            Dm\n        C     E         C G  C\n       A            Dm\n          C           E             Am     G\n\n(C)      Am     Dm\n\n\n\n\n\n\n\n\n\n\n\n\n',0,'AntonisNikos',0),(9,'Ήτανε μια φορά','Ήτανε μια φορά μάτια μου κι έναν καιρό\nμια όμορφη κυρά αρχόντισσα να σε χαρώ\n\nΜια μικροπαντρεμένη κόρη ξανθή\nτον κύρη της προσμένει βράδυ πρωί\n\nΈνα Σαββάτο βράδυ καλέ μια Κυριακή\nτον ήλιο το φεγγάρι, καλέ, παρακαλεί\n\nΉλιε μου φώτισέ τον φεγγάρι μου\nπάνε και μίλησέ του για χάρη μου\n\nΓυρίζει κι αρμενίζει καλέ στα πέλαγα\nτους πειρατές θερίζει καλέ και τους χαλά\n\nΣτον ήλιο στο φεγγάρι και στη βροχή\nκαι μένανε μ’ αφήνει έρμη και μοναχή\n\nΓαλέρα ανοίχτηκε μάτια μου με το βοριά\nστη μάχη ρίχτηκε μάτια μου και στον καυγά\n\nΜέσα σ’ ένα σινάφι πειρατικό\nείδα φωτιά ν’ ανάβει και φονικό.','Am           G                      Am          ΑΝ\nAm            G                    Am\n\nAm              G           Am\nAm                G            Am\n\n\n\n\n\n\n\n\n\n\n\n\n\n\n\n\n\n',0,'AntonisNikos',0),(10,'Είμαι ένας φτωχός και μόνος κάου- μπόυ','Όλοι μου οι φίλοι παντρευτήκανε\nΓίνανε ρεζίλι, γι’ αυτό κρυφτήκανε\nΠιάσαν μια δουλίτσα κι όλοι τους κρατούν κλειδιά\nΑπόκτησαν κοιλίτσα κι από `να δυο παιδιά\nΓιόχο, χόχο, χόχο…\n\nΚι όλα τα κορίτσια που `χα γκόμενες\nτώρα είν’ όλο βίτσια και πίνουν μόνο νες\nΚι αν δεν κάνω λάθος, έχουν όλες γιώτα χι\nΘέλουνε και σκάφος και πάνε κι εξοχή\n\nΓιόχο, χόχο, χόχο…\n\nΤώρα σαν τους βλέπω δεν τους χαιρετώ\nΟύτε και γουστάρω εγώ να παντρευτώ\nΚι άμα μου τη δίνει κάτι τέτοια δειλινά\nπαίρνω τ’ άλογό μου και πάμε στα βουνά\n\nΠάμε Ντόλυ\n\nΓιόχο, χόχο, χόχο…','G                             D\nG         C         A            D\nG                                              D\nG                       C      D       G\nG                         C   D    G\n\n\n\n\n\n\n\n\n\n\n\n\n\n\n\n',0,'AntonisNikos',0),(11,'Προσωπικές Οπτασίες','Ζούμε τις μικρές μας ιστορίες\nστο κέντρο και τις συνοικίες\nόνειρα μεθυσμένα σχέδια ματαιωμένα\nτηλέφωνα απεγνωσμένα\n\nΣκέφτομαι πάλι ίσως δεν ήσουνα εσύ\nό, τι ονειρεύτηκα\nόμως θυμάμαι μια νύχτα είδα τα μάτια της λύπης\nνα μου χαμογελάνε\n\nΊσως δεν ήμουνα κι εγώ ό,τι ονειρεύτηκες\nέτσι κι αλλιώς όλα είναι προσωπικές οπτασίες\nΤο νιώθω πως σε χάνω\nγλυκιά μου αγάπη καληνύχτα','F                         Am\n\n\n\n\n\n               Am\n\n\n\n\n\n\n                       Am',0,'AntonisNikos',0),(12,'Σαπιοκάραβο','Intro\n\nΈνα καράβι παλιό, σαπιοκάραβο\nμε κάτι ναύτες τρελούς πειρατές\nσηκώνει άγκυρα άγριο χάραμα\nυπάρχουν θέσεις, αν θέλεις, κενές\n\nΌταν βραδιάζει, που λες, στο κατάστρωμα\nχίλια φωτάκια θ’ ανάβουν μικρά\nστη συντροφιά μας θα έρχεται ο άνεμος\nνα μας σφυρίζει τραγούδια παλιά\n\nΆντε να λύσουμε, να ξεκινήσουμε\nκαι τους βαρέθηκα, δεν τους μπορώ\nνα ξενυχτίσουμε και να μεθύσουμε\nνα τους ξεχάσουμε όλους εδώ\n\nIntro\n\nΈνα καράβι παλιό, σαπιοκάραβο\nλύνει τους κάβους κι ανοίγει πανιά\nαφήνει πίσω στραβά και παράλογα\nσηκώνει άγκυρα για μακριά\n\nΘα ξημερώνουμε πάνω στη θάλασσα\nθα βγαίνει ο ήλιος να κάνει βουτιές\nο παπαγάλος θα λέει “τους ξεφύγαμε”\nκι εμείς θα ψάχνουμε γι άλλες στεριές\n\nΆντε να λύσουμε, να ξεκινήσουμε\nκαι τους βαρέθηκα, δεν τους μπορώ\nνα ξενυχτίσουμε και να μεθύσουμε\nνα τους ξεχάσουμε όλους εδώ\n\nΈνα καράβι παλιό, σαπιοκάραβο\nμε κάτι ναύτες τρελούς πειρατές\nσηκώνει άγκυρα άγριο χάραμα\nυπάρχουν θέσεις, αν θέλεις, κενές\n\nΆντε να λύσουμε, να ξεκινήσουμε\nκαι τους βαρέθηκα, δεν τους μπορώ\nνα ξενυχτίσουμε και να μεθύσουμε\nνα τους ξεχάσουμε όλους εδώ\n\nOutro','Dm C Dm C Dm  A# Gm Dm A Dm         (capo 2)\n\n       Dm      C        Dm\n          Dm       C         Dm\n        Dm     C     Dm\n         A#          A7        Dm\n\n\n\n\n\n\n         Dm              C\n            A#                 A7\n         Dm               C\n           A#     A       Dm\n\n\n\n\n\n\n\n\n\n\n\n\n\n\n\n\n\n\n\n\n\n\n\n\n\n\n\n\n',0,'AntonisNikos',0),(13,'Sweet child o\'mine','She\'s got a smile that it seems to me\nReminds me of childhood memories\nWhere everything was as fresh as the bright blue sky\nNow and then when I see her face\nShe takes me away to that special place\nAnd if I stare too long, I\'d probably break down and cry\nWhoa, oh, oh\nSweet child o\' mine\nWhoa, oh, oh, oh\nSweet love of mine\nShe\'s got eyes of the bluest skies\nAs if they thought of rain\nI\'d hate to look into those eyes and see an ounce of pain\nHer hair reminds me of a warm safe place\nWhere as a child I\'d hide\nAnd pray for the thunder and the rain to quietly pass me by\nWhoa, oh, oh\nSweet child o\' mine\nWhoa whoa, oh, oh, oh\nSweet love of mine\nWhoa, yeah\nWhoa, oh, oh, oh\nSweet child o\' mine\nWhoa, oh, whoa, oh\nSweet love of mine\nWhoa, oh, oh, oh\nSweet child o\' mine\nOoh, yeah\nOoh, sweet love of mine\nWhere do we go?\nWhere do we go now?\nWhere do we go?\nOoh, oh, where do we go?\nWhere do we go now?\nOh, where do we go now?\nWhere do we go? (Sweet child)\nWhere do we go now?\nAy, ay, ay, ay, ay, ay, ay, ay\nWhere do we go now?\nAh, ah\nWhere do we go?\nOh, where do we go now?\nOh, where do we go?\nOh, where do we go now?\nWhere do we go?\nOh, where do we go now?\nNow, now, now, now, now, now, now\nSweet child\nSweet child of mine','D\n   C\n      G                                           D\n\n\n\n\n\n\n\n\n\n\n\n\n\n\n\n\n\n\n\n\n\n\n\n\n\n\n\n\n\n\n\n\n\n\n\n\n\n\n\n\n\n\n\n\n\n',0,'AntonisNikos',0),(14,'Πάντα γελαστοί','Intro\n\nΤης νύχτας οι αμαρτωλοί και της αυγής οι μόνοι\nθέλουν βαρύ ζεϊμπέκικο και νευρικό τιμόνι\nσε τόπους τριγυρίζουνε σβησμένους απ’ το χάρτη\nγια μια σταγόνα ουρανό για μιαν αγάπη σκάρτη\n\nΌσοι με το Χάρο γίναν φίλοι\nμε τσιγάρο φεύγουνε στα χείλη\nστα τρελά τους όνειρα δοσμένοι\nπάντα γελαστοί, πάντα γελαστοί\nπάντα γελαστοί και γελασμένοι\n\nIntro\n\nΤα νιάτα μας διαδρομή Αθήνα Σαλονίκη\nμια πόλη χτίσαμε μαζί κι ακόμα ζω στο νοίκι\nέπεσα να σ’ ονειρευτώ σε ψάθα από φιλύρα\nκι είδα πως βγάζει η νύχτα φως και τ’ όστρακο πορφύρα\n\nΌσοι με το Χάρο γίναν φίλοι\nμε τσιγάρο φεύγουνε στα χείλη\nστα τρελά τους όνειρα δοσμένοι\nπάντα γελαστοί, πάντα γελαστοί\nπάντα γελαστοί και γελασμένοι\n','Dm A Gm A Dm (x2)\n\nDm                                        A\nGm                          A        Dm\nDm                                        A\nGm               A                    Dm A Dm\n\nDm                     A\nGm                       Dm\nD                       Gm D Gm\nA               Gm\nA7                     Dm A Dm\n\n\n\n\n\n\n\n\n\n\n\n\n\n',0,'AntonisNikos',0),(15,'Ρίτα ριτάκι','Παλεύει το ποτάμι στη θάλασσα να βγει\nΚι ο ποιητής γυρεύει τη μούσα του να βρει\nΤο κύμα ψάχνει να \'βρει την άκρη του γιαλού\nΚι εγώ γυρεύω εσένανε εσένανε που μ\' έστησες ξανά στο ραντεβού\nΈψαχνα να \'βρω τον μπελά μου και τελικά τον βρήκα\nΚαι πήγα και αγάπησα ένα μωρό τη Ρίτα\nΡίτα 18 χρονών κι εγώ 45\nΡίτα εσύ \'σαι στην αρχή κι εγώ στο παρά πέντε\nΡίτα Ριτάκι κανένα δε φοβάσαι\nΡίτα Ριτάκι τίποτα δε θυμάσαι\nΡίτα Ριτάκι απόψε πού κοιμάσαι\nΜου το \'χες πει πολλές φορές ότι δε μ\' αγαπούσες\nΣυγγνώμη δεν κατάλαβα ότι το εννοούσες\nΓι\' αυτό λοιπόν σε χαιρετώ και φεύγω δίχως λόγια\nΜε το κεφάλι μου ψηλά και την ψυχή στα πόδια\nΡίτα Ριτάκι κανένα δε φοβάσαι\nΡίτα Ριτάκι τίποτα δε θυμάσαι\nΡίτα Ριτάκι απόψε πού κοιμάσαι\nTi voglio, sì, ti voglio','\n\n\n\nG.             Em.            C.             D.\nG.             Em.        C.      D.\nG.    Em.      C.      D.\nG.             Em.            C.         D.\nG.    Em.      C.        D.\nG        Em   C         D\n\n\n\n\n\n\n\n\n',0,'AntonisNikos',0),(16,'Όμορφη πόλη','Όμορφη πόλη φωνές μουσικές\nαπέραντοι δρόμοι κλεμμένες ματιές\nο ήλιος χρυσίζει χέρια σπαρμένα\nβουνά και γιαπιά πελάγη απλωμένα\n\nΘα γίνεις δικιά μου πριν έρθει η νύχτα\nτα χλωμά τα φώτα πριν ρίξουν δίχτυα\nθα γίνεις δικιά μου\n\nΘα γίνεις δικιά μου πριν έρθει η νύχτα\nτα χλωμά τα φώτα πριν ρίξουν δίχτυα\nθα γίνεις δικιά μου\n\nΗ νύχτα έφτασε τα παράθυρα κλείσαν\nη νύχτα έπεσε οι δρόμοι χαθήκαν','Em             D        G\n  C         Bm       Am        Em\n\n\n\nEm  D\n\n\n\n\n\n\n\n\n',0,'AntonisNikos',0),(17,'Πριγκηπέσσα ','Intro\n\nΆλλα θέλω κι άλλα κάνω\nπως να σου το πω\nέλεγα περνούν τα χρόνια\nθα συμμορφωθώ.\n\nΜα είναι δώρο άδωρο\nν’ αλλάξεις χαρακτήρα\nτζάμπα κρατάς λογαριασμό\nτζάμπα σωστός με το στανιό.\n\nΈξω φυσάει αέρας\nκι όμως μέσα μου\nμέσα σ’ αυτό το σπίτι\nπριγκιπέσα μου,\nτο φως σου και το φως\nχορεύουν γύρω μας\nαπίστευτος ο κόσμος\nκι ο χαρακτήρας μας.\n\nIntro\n\nΆλλα θέλω κι άλλα κάνω\nκι έφτασα ως εδώ\nλάθη στραβά και πάθη\nμ’ έβγαλαν σωστό.\n\nΞημερώματα στο δρόμο\nρίχνω πετονιά\nπιάνω τον εαυτό μου\nκαι χάνω το μυαλό μου\n\nΈξω φυσάει αέρας\nκι όμως μέσα μου\nμέσα σ’ αυτό το σπίτι\nπριγκιπέσα μου,\nτο φως σου και το φως\nχορεύουν γύρω μας\nαπίστευτος ο κόσμος\nκι ο χαρακτήρας μας.','(Em  Am  F  Em) x2  F  Em  F\n\nEm\nDm            Am\nDm\nG           Em\n\nEm\n                  Am\n                 Em\nDm                F      Em\n\nDm\n              Em\nDm\nG           Em\nEm\n               Am\n         Em\nDm         F     Em\n\n\n\n\n\n\n\n\n\n\n\n\n\n\n\n\n\n\n\n\n',0,'AntonisNikos',0),(18,'Φωτοβολίδα','Μια φωτοβολίδα μες στη νύχτα σκάει\nκι η καρδιά μου σπάει μες στο φως σε είδα\nΓίναν τα κομμάτια μια καινούργια γη\nμες στην αλλαγή βλέπω μ’ άλλα μάτια\n\nΓίναν τα κομμάτια μια καινούργια αρχή\nμες την αλλαγή βλέπω μ’ άλλα μάτια\n\nΌλα είναι ίδια αν δε τ’ αγαπάς\nόλα μένουν ίδια άμα δε τα πας\nΚι όλα αυτά που είναι γίνονται ξανά\nμέσα απ’ τη δικιά σου τη ματιά\nμέσα απ’ τη δικιά σου τη ματιά\n\nΜια φωτογραφία κομματάκια δυο\nέχω να σε δω χρόνια αστεία αστεία\nΠιάνω την κολλάω σε ξανακοιτώ\nπιο όμορφη θαρρώ δείχνεις μου όσο πάω\n\nΌλα είναι ίδια αν δε τ’ αγαπάς\nόλα μένουν ίδια άμα δε τα πας\nΚι όλα αυτά που είναι γίνονται ξανά\nμέσα απ’ τη δικιά σου τη ματιά\nμέσα απ’ τη δικιά σου τη ματιά\n\nΣτην καρδιά σου καίει μια μικρή φωτιά\nκι από τη ματιά ένα φως που ρέει\nΣα φωτοβολίδα μες στη νύχτα σκάει\nκι ας ξαναγυρνάει πίσω η σελίδα\n\nΣα φωτοβολίδα μες στη νύχτα σκάει\nκι ας ξαναγυρνάει πίσω η σελίδα\n\nΌλα είναι ίδια αν δε τ’ αγαπάς\nόλα μένουν ίδια άμα δε τα πας\nΚι όλα αυτά που είναι γίνονται ξανά\nμέσα απ’ τη δικιά σου τη ματιά\nμέσα απ’ τη δικιά σου τη ματιά','Em         C  D               Am\nC                Bm  C              G D\n\n\n\n\n\n\nG         D  G Em           C\nD          Am   F          C D\nG                D  G  Em         C\nD               Am           F C\nD               C      D     Em\n\n\n\n\n\n\n\n\n\n\n\n\n\n\n\n\n\n\n\n\n\n\n\n\n',0,'AntonisNikos',0),(19,'Η Φανή','Μέσα στο τζάκετ μου σκυφτός\nγραμμή Βικτώρια Πειραιά\nκαθώς στριγγλίζουν οι γραμμές\nκάτι μου καίει τα σωθικά\n\nΟι φίλοι μου μου το ‘χαν πει\nξέχνα ρε Μπίλι τη Φανή\nόσο και να το θέλεις πια\nδεν πρόκειται να ξαναρθεί\n\nΦριχτές οι φάτσες γύρω μου\nκαι με κοιτούν ειρωνικά\nόπως με κοίταζε κι αυτή\nπριν από μερικά λεπτά\n\nΟι φίλοι μου μου το ‘χαν πει\nξέχνα ρε Μπίλι τη Φανή\nόσο και να το θέλεις πια\nδεν πρόκειται να ξαναρθεί\n\nΣτο σπίτι ο δρόμος σκοτεινός\nπαραπατάω στα σκαλιά\nμες στο δωμάτιο μοναχός\nκι ο Ντίλαν να μου τραγουδά\n\nΟι φίλοι μου μου το ‘χαν πει\nξέχνα ρε Μπίλι τη Φανή\nόσο και να το θέλεις πια\nδεν πρόκειται να ξαναρθεί','F          G             Am\nF          G          Am\nF            G             Am\nF          G           Am\n\nDm        G               F\nDm        G          Am\nDm       G            F\nDm         G           Am\n\n\n\n\n\n\n\n\n\n\n\n\n\n\n\n\n\n\n\n',0,'AntonisNikos',0),(20,'Να μ\'αγαπάς','Σου γράφω πάλι από ανάγκη\nη ώρα πέντε το πρωί\nτο μόνο πράγμα που \'χει μείνει\nόρθιο στον κόσμο είσαι εσύ\nΤι να τις κάνω τις τιμές τους\nτα λόγια τα θεατρικά\nμες στην οθόνη του μυαλού μου\nχάρτινα είδωλα νεκρά\nΝα μ\' αγαπάς όσο μπορείς να μ\' αγαπάς\nΚοιτάζοντας μες στον καθρέφτη\nβλέπω ένα πρόσωπο γνωστό\nκι ίσως η ασχήμια του να φύγει\nμόλις πλυθώ και ξυριστώ\nΒρωμάει η ανάσα απ\' τα τσιγάρα\nβαραίνει ο νους μου απ\' τα πολλά\nστον τοίχο κάποια Μόνα Λίζα\nσε φέρνει ακόμα πιο κοντά\nΝα μ\' αγαπάς όσο μπορείς να μ\' αγαπάς\nΑν και τελειώνει αυτό το γράμμα\nη ανάγκη μου δε σταματά\nσαν το πουλί πάνω στο σύρμα\nσαν τον αλήτη που γυρνά\nΘέλω να \'ρθείς και να μ\' ανάψεις\nτο παραμύθι να μου πεις\nσαν μάνα γη να μ\' αγκαλιάσεις\nσαν άσπρο φως να ξαναρθείς.','C                   G            (capo 2)\nF      G          C\nC                         G\nF           G            C\nF          G          C\nF         G        C  Am\nAm                      G\nF        G         C\nC         Dm G                     C\n\n\n\n\n\n\n\n\n\n\n\n\n\n\n\n\n',0,'AntonisNikos',0),(21,'Ένας τούρκος στο παρίσι','Μου γράφεις δε θα \'ρθεις για διακοπές\nχρωστάς μαθήματα μου λες\nφωτογραφίες στέλνεις απ\' το Λούβρο\nκαι άλλες με τον γάτο σου τον Τούρκο\nο Τούρκος να πηδάει στα σκαλιά\nκαι ύστερα παιχνίδια να σου κάνει\nστη γάμπα σου να τρέμει μια ουρά\nαυτός ο Τούρκος Τούρκο θα με κάνει\nστη γάμπα σου να τρέμει μια ουρά\nαυτός ο Τούρκος Τούρκο θα με κάνει\nΖηλεύω το μικρό σου το γατί\nστα πόδια σου κοιμάται όταν διαβάζεις\nδεν ξέρω αν κοιμάστε και μαζί\nή μ\' άλλον στο κρεβάτι τον αλλάζεις\nδεν ξέρω αν κοιμάστε και μαζί\nή μ\' άλλον στο κρεβάτι τον αλλάζεις\nΜου γράφεις πως σου έλειψα πολύ\nμου στέλνεις χάρτινο φιλί\nτο χρόνο σου μετράς για το πτυχίο\nτο γράμμα μου σου φάνηκε αστείο\nκι ο Τούρκος στη μοκέτα αραχτός\nφιλίες με τους Γάλλους σου να πιάνει\nνα πίνει και να τρώει ό, τι τρως\nαυτός ο Τούρκος Τούρκο θα με κάνει\nνα πίνει και να τρώει ό, τι τρως\nαυτός ο Τούρκος Τούρκο θα με κάνει\nΖηλεύω το μικρό σου το γατί\nστα πόδια σου κοιμάται όταν διαβάζεις\nδεν ξέρω αν κοιμάστε και μαζί\nή μ\' άλλον στο κρεβάτι τον αλλάζεις\nδεν ξέρω αν κοιμάστε και μαζί\nή μ\' άλλον στο κρεβάτι τον αλλάζεις\nΣυγχώρα με που γίνομαι μικρός\nμα η ανάγκη να σε νιώσω είναι μεγάλη\nμακριά σου νιαουρίζω μοναχός\nμα c\' est la vie που λένε και οι Γάλλοι\nμακριά σου νιαουρίζω μοναχός\nμα c\' est la vie που λένε και οι Γάλλοι',' Am\n Am\n        E                     Am\n           E                   Am\n  Am\n  Am\n           E                  Am\n           E                   Am\n          Dm                Am\n        E                     Am\n       F                 Am\n       F                      Am\n         F      G          C\n            E                Am\n          Dm              Am\n              E                Am\n   Am\n     Am\n           E                   Am\n           E                  Am\n         Am\n      Am\n          E                    Am\n             E                 Am\n          Dm                Am\n           E                   Am\n       F                Am\n         F               Am\n          F      G         C\n             E                 Am\n           Dm             Am\n             E              Am\n         F                Am\n          F                   Am\n             F     G       C\n             E                      Am\n              Dm           Am\n                E                Am',0,'AntonisNikos',0),(22,'Μάτια δίχως λογική','Είναι τα μάτια σου ένας διάδρομος παλιός\nΔάκρυα πνιγμένα ξεφλουδίζουνε τους τοίχους\nΠου ένας ένοικος αθόρυβος κρυφός\nΑντί συνθήματα ζωγράφισε με στίχους\n\nΠιο μέσα υπάρχουν τα σκαλιά που οδηγούν\nΣ\' ένα υπόγειο με παιχνίδια χαλασμένα\nΌσα οι άνθρωποι βαριούνται και ξεχνούν\nΜετά τη χρήση τα φορτώνουνε σε σένα\n\nΜου λες τα μάτια σου να μη τα αγαπώ\nΚαι να μη πάψω να πιστεύω στα δικά μου\nΜα αυτά τα μάτια όπου χαθώ κι όπου βρεθώ\nΤα έχω πίσω μου και μέσα και μπροστά μου\n\n\nΜέσα στην ίριδα ανάβει μια φωτιά\nΠου κάθε άστεγο και άνεργο ζεσταίνει\nΚι η καλοσύνη τους απλώνει σαν λαδιά\nΝα μαλακώσει μιαν ανάγκη πετρωμένη\n\nΣ\'αυτά τα μάτια δεν υπάρχει λογική\nΌσο βαθιά κι αν τα κοιτάζω μ\'αγαπούνε\nΤης ιστορίας πυρπολούν τη φυλακή\nΣτα παραμύθια και στ\' αστέρια να με βρούνε\n\nΜου λες τα μάτια σου να μη τα αγαπώ\nΚαι να μη πάψω να πιστεύω στα δικά μου\nΜα αυτά τα μάτια όπου χαθώ κι όπου βρεθώ\nΤα έχω πίσω μου και μέσα και μπροστά μου\n\n','         Am                         E\n          Am                          E\n           Am                 E\n         Am                    E\n\n             F                     C\n           F                       C\n           F                     C\n           F                     G\n\n            C\n          Em\n      (G)    F\n         G\n\n\n          Am                  E\n           Am                E\n         Am                    E\n         Am                  E\n\n      F                        C\n      F                        C\n        F                   C\n      F                                G\n\n            C\n           Em\n        (G) F\n         G\n\n',0,'AntonisNikos',0),(23,'Εκεί στο Νότο','Εκεί στο Νότο\nπου τρίζει ο θάνατος κι η αγάπη κάνει κρότο\nσαν άδειο κάθισμα ταξίδεψα για χρόνια\nψάχνοντας να βρω το κατάλληλο κορμί\n\nΕκεί στα φώτα\nεύρισκε η νύχτα τα σημάδια της τα πρώτα\nείχα ξεμείνει από τσιγάρα και συμπόνια\nκαι συ με κέρασες καπνό μ\' ένα φιλί\n\nΠοια πόλη, ποια χώρα\nποια θάλασσα σε ταξιδεύει τώρα\nσωπαίνεις, θυμάσαι\nκαι μεθυσμένη μες τον ύπνο σου γελάς\nΠοια πόλη, ποια χώρα\nποια θάλασσα σε ταξιδεύει τώρα\n\nΕκεί στο Νότο\nεκεί μου κλήρωσε ο έρωτας στο Λόττο\nκουλουριασμένος σαν τη σαύρα στη σκιά του\nσαν νόμισμα έπεφτα στο μαύρο σου βυθό\n\nΧλωμά καντήλια\nάναβε η φτώχεια σου τα τάιζε με ζήλεια\nμα συλλαβίζαν σ\' αγαπώ τα βογγητά σου\nσαν ένα άρρωστο στην κούνια του μωρό\n\nΠοια πόλη, ποια χώρα\nποια θάλασσα σε ταξιδεύει τώρα\nσωπαίνεις, θυμάσαι\nκαι μεθυσμένη μες τον ύπνο σου γελάς\nΠοια πόλη, ποια χώρα\nποια θάλασσα σε ταξιδεύει τώρα','          Em   C\n             Em                        C\n                                 D\n                               G   Em  B7\n\n          Em   C\n           Em                        C\n                                   D\n                                G   Em   B7\n\n      Am          Em\n        D                  G\n    Am          Em\n         D                       G\n      Am          Em\n       D7                  Em\n\n           Em  C\n            Em                   C\n                                    D\n                                  G   Em    B7\n\n          Em      C\n            Em                     C\n                                D\n                                G      Em     B7\n\n       Am         Em\n       D                    G\n    Am         Em\n         D                      G\n      Am          Em\n        D7                   Em',0,'AntonisNikos',0),(24,'Αεροπλάνα','Πήρα το χαρτί ντύθηκα στα μπλε\nπέρασα την πύλη\nσε τόπο μακρινό με τον άνεμο\nφίλο κι αδερφό\n\nΆννα δεν ήμουνα εγώ γι’ αεροπλάνα\nΆννα δεν ήμουνα εγώ γι’ αεροπλάνα\nΆννα\n\nΏρες στη σκοπιά τσιγάρο στα κλεφτά σκουπίδια μαγειρεία\nμα κάτω απ’ την πλαγιά ο δρόμος φωτεινός μου δείχνει την πορεία\n\nΆννα δεν ήμουνα εγώ γι’ αεροπλάνα\n\nΤο παιχνίδι αυτό θέατρο σωστό\nκαι γνωστοί οι ρόλοι\nβγάζω τη στολή και το κράνος μου\nφεύγω για την πόλη\n\nΆννα δεν ήμουνα εγώ γι’ αεροπλάνα','Em          Am               C\nD           Em\nEm            Am           C\nD            Em     C   Bm\n\nAm D     G        C           F Em    C  Em\nAm D     G        C           F Em\nF  Am\n\n\n\n\n\n\n\n\n\n\n\n',0,'AntonisNikos',0),(25,'Απόψε λέω να μην κοιμηθούμε','Απόψε λέω να κάνουμε ένα πάρτι\nστην άμμο με ραδιάκι φορητό\nσ’ το λέω πως δε γουστάρω άλλος να `ρθει\nτο πάρτι είναι για δύο για μας τους δυο\n\nΑπόψε το φεγγάρι θα φοράει\nτο φως απ’ τη δική σου τη μορφή\nτο μόνο που θ’ ακούσεις να μιλάει\nθα `ναι η φωνή του βραδινού εκφωνητή\n\nΑπόψε λέω να μην κοιμηθούμε\nνα πάμε κατευθείαν για δουλειά\nαπόψε στ’ ακρογιάλι θα τη βρούμε\nΘα πιούμε όλες τις μπίρες αγκαλιά\n\nΘα φύγουμε απ’ το θόρυβο της πόλης\nμια νύχτα που δεν έζησε κανείς\nαπόψε θα ζηλέψει ο Κηλαηδόνης\nτο πάρτι που θα κάνουμε εμείς\n\nΑπόψε λέω να μην κοιμηθούμε\nνα πάμε κατευθείαν για δουλειά\nαπόψε στ’ ακρογιάλι θα τη βρούμε\nΘα πιούμε όλες τις μπίρες αγκαλιά\n\nΑπόψε και με λίγη φαντασία\nθα μοιάζει με φιλμάκι γαλλικό\nχρειάζεται αυτή η διαδικασία\nμήπως μπορέσω και σου πω το σ’ αγαπώ\n\nΑπόψε λέω να μην κοιμηθούμε\nνα πάμε κατευθείαν για δουλειά\nαπόψε στ’ ακρογιάλι θα τη βρούμε\nΘα πιούμε όλες τις μπίρες αγκαλιά','  A                       Bm\n     D           E        A\n       A                         Bm\n    D               E                A     A7\n\n\n\n\n\n\n  D        E            A\n    D          E             A\n  F#                         Bm\n     B               B7         E\n\n\n\n\n\n\n\n\n\n\n\n\n\n\n\n\n\n\n\n',0,'AntonisNikos',0),(26,'Που να εξηγώ','Δρόμος σκοτεινός η ζωή του καθενός\nΠες μου αν είμαι ζωντανός\nΔώσε μου φωτιά, κάτσε κόντρα στο νοτιά\nμην το ψάχνεις άλλο πια\n\nΕίχα έναν φίλο που τρελάθηκε\nέκαψε τις μνήμες του και χάθηκε\nΕίχε μιαν αγάπη, μιαν οφθαλμαπάτη\nτίποτα δεν έχει τώρα πια\n\nΠου να εξηγώ, τι κατά βάθος είμ’ εγώ\nποιος είναι άνθρωπος να του μιλήσω εγώ\nΠου να εξηγώ, της μοναξιάς το φορτηγό\nτρέχει στη νύχτα δίχως φρένα κι οδηγό\n\nΔρόμος σκοτεινός η ζωή του καθενός\nπες μου αν είμαι ζωντανός\n\nΆκου να σου πω, φεύγει ότι αγαπώ\nκαι δεν έχω πια σκοπό\nΜόνος στο σταθμό, τον δικό σου τον λυγμό\nνιώθω πάλι στο λαιμό\n\nΤώρα γίναν όλοι τους αδίστακτοι\nκι είναι η ψυχούλα μου παρείσακτη\nΕίχα μιαν αγάπη, μια οφθαλμαπάτη\nτίποτα δεν έχω τώρα πια','Am              F\nG           Em         F\nAm             F\nG       Em           Am\n\nDm                     G\nC                         F\nDm              Am\nDm                     E\n\nAm\n            Dm\nE                                           την δεύτερη φορά:   E        C (μοναξιάς)\n            C            Dm         E                           Dm (νύχτα)       E\n\n\n\n\n\n\n\n\n\n\n\n\n',0,'AntonisNikos',0),(27,'Foreign Sing-along','The passenger - Iggy Pop\n\nI am the passenger\nAnd I ride and I ride\nI ride through the city\'s backsides\nI see the stars come out of the sky\nYeah, they\'re bright in a hollow sky\nYou know it looks so good tonight\n\nI am the passenger\nI stay under glass\nI look through my window so bright\nI see the stars come out tonight\nI see the bright and hollow sky\nOver the city\'s ripped-back sky\nAnd everything looks good tonight\n\nOh singin\', la, la, la, la, la-la-la-la\nLa, la, la, la, la-la-la-la\nLa, la, la, la, la-la-la-la\nLa-la-la-la\n\nObladi Oblada - Beatles\n\nDesmond has a barrow in the marketplace\nMolly is the singer in a band\nDesmond says to Molly, \'Girl, I like your face\'\nAnd Molly says this as she takes him by the hand\n\nOb-la-di, ob-la-da\nLife goes on, brah\nLa, la, how the life goes on\n\nDesmond takes a trolley to the jeweler\'s store\nBuys a 20 carat golden ring (ring)\nTakes it back to Molly waiting at the door\nAnd as he gives it to her, she begins to sing (sing)\n\nOb-la-di, ob-la-da (la, la, la, la, la, la)\nLife goes on, brah (la, la, la, la, la, la)\nLa, la, how the life goes on\n\nYesterday - Beatles\n\nYesterday, all my troubles seemed so far away\nNow it looks as though they\'re here to stay\nOh, I believe in yesterday\n\nSuddenly, I\'m not half the man I used to be\nThere\'s a shadow hanging over me\nOh, yesterday came suddenly\n\nWhy she had to go\nI don\'t know, she wouldn\'t say\nI said something wrong\nNow I long for yesterday\n\nYesterday, love was such an easy game to play\nNow I need a place to hide away\nOh, I believe in yesterday\n\nSoldier of fortune - Deep Purple\n\nI have often told you stories about the way\nI lived the life of a drifter\nWaiting for the day\n\nWhen I\'d take your hand and sing you songs\nAnd maybe you would say\nCome lay with me and love me\nAnd I would surely stay\n\nBut I feel I\'m growing older\nAnd the songs that I have sung\nEcho in the distance\nLike the sound of a windmill going \'round\nGuess I\'ll always be a soldier of fortune \n\nWind of Change - Scorpions\n\nI follow the Moskva\nDown to Gorky Park\nListening to the wind of change\n\nAn August summer night\nSoldiers passing by\nListening to the wind of change\n\nThe world is closing in\nDid you ever think\nThat we could be so close, like brothers\n\nThe future\'s in the air\nCan feel it everywhere\nI\'m blowing with the wind of change\n\nTake me to the magic of the moment\nOn a glory night\nWhere the children of tomorrow dream away (dream away)\nIn the wind of change\n\nWish you were here - Pink Floyd\n\nSo, so you think you can tell\nHeaven from Hell? Blue skies from pain?\nCan you tell a green field from a cold steel rail?\nA smile from a veil? Do you think you can tell?\nDid they get you to trade your heroes for ghosts?\nHot ashes for trees? Hot air for a cool breeze?\nCold comfort for change? Did you exchange\nA walk-on part in the war for a lead role in a cage?\n\nHow I wish, how I wish you were here\nWe\'re just two lost souls swimming in a fishbowl, year after year\nRunning over the same old ground, what have we found?\nThe same old fears, wish you were here\n\nImagine - John Lennon\n\nImagine there\'s no heaven\nIt\'s easy if you try\nNo hell below us\nAbove us only sky\nImagine all the people\nLiving for today... Aha-ah...\n\nImagine there\'s no countries\nIt isn\'t hard to do\nNothing to kill or die for\nAnd no religion, too\nImagine all the people\nLiving life in peace... You...\n\nYou may say I\'m a dreamer\nBut I\'m not the only one\nI hope someday you\'ll join us\nAnd the world will be as one\n\nImagine no possessions\nI wonder if you can\nNo need for greed or hunger\nA brotherhood of man\nImagine all the people\nSharing all the world... You...\n\nYou may say I\'m a dreamer\nBut I\'m not the only one\nI hope someday you\'ll join us\nAnd the world will live as one\n','#####\n\nAm        F     C   G\nAm     F          C    E\n\n\n\n\n\n\n\n\n\n\n\n\n\n\n\n\n\n\n#####\n\nC                            G\nG                         C\nC                                F\n            C               G                C\n\nC\n                (F)\nG                          C\n\n\n\n\n\n\n\n\n\n\n#####\n\nC        Bm         E7               Am      G F\nF        G7                     C\n    Am    D       F     C\n\n\n\n\n\nE7       Am  G  F\nDm        G7                C\nE7      Am   G     F\nDm      G7            C  G F C\n\n\n\n\n\n#####\n\nF#m                              E\n   F#m\nC#m\n\n\n\n\n\n\nA       B              F#m\nD        E                 A\nC#           F#m\nF#m        E         A               D\nBm                C#m              F#m\n\n#####\n\nA                Bm\n               A\n                 Bm       F#m  E   A\n\n\n\n\n\n\n\n\n\n\n\n\n\nA     E         Bm           E\n       A    E\n            Bm           E             F#m\n        D        E            A\n\n#####\n\nC                         D\n             Am                     G\n                       D                       C\n                Am                          G\n                      C                     D\n                Am                   G\n                   D                 C\n                      Am                        G\n\nC                                D\n           Am                                     G\nD                                                C\n              Am                   G\n\n#####\n\nC                   F\nC                 F\n\n\nF       Am          Dm\nG             G7              C\n\n\n\n\n\n\n\n\nF        G          C     E\nF        G            C    E\nF           G           C       E\nF        G                C\n\n\n\n\n\n\n\n\n\n\n\n\n',0,'AntonisNikos',0),(28,'Symon-Song','Sometimes you can see me\r\n somewhere in the darkness \r\nCrawling softly through mind \r\nLeading straight to madness \r\nPlease show me your sadness \r\nPlease show me your sadness \r\n\r\nRef \r\nOut of the nowhere, \r\nThat\'s the fear coming here \r\nKeep your arms closer \r\nTurn around and look at me\r\nTurn around and look at me\r\nYou\'re so fucking foolish \r\nTurn around and look at me\r\n\r\n\r\nThe other day has come \r\nWith it\'s astonishing beauty \r\nYou\'re walking down the forest \r\nAdmiring all those flowers \r\nAnd than \r\nI slightly sneak in thoughts \r\nYou\'re try but cannot fight me\r\nYou\'re fighting more and more \r\nBut that\'s only turn me on\r\nI feel I getting stronger \r\nLike a real fear I leading you to madness \r\nCause are so weak',NULL,0,'AntonisNikos',0),(29,'Για πάντα','Λένε δεν υπάρχει το για πάντα\nΛένε πως κανείς δεν το μπορεί\nΌλα ξεκινάν ωραία πάντα\nΜα χαλάνε στην διαδρομή\n\nΓια πάντα θα μαστε μαζί\nκαι μην φοβάσαι που θα βγει\nόλη η ζωή μου μέσα στο χαμόγελο σου\nγια πάντα θα μαστε μαζί\nκαι ας έρθει ανάποδα η γη\nαυτό που έψαχνα σε εσένα το ‘χω βρει\n\nΛένε δεν υπάρχει το για πάντα\nΛένε είναι ζόρι το μαζί\nΞεκινάει η αγάπη σαν μπαλάντα\nΚαι τελειώνει δίχως μουσική.\n\nΓια πάντα θα μαστε μαζί\nκαι μην φοβάσαι που θα βγει\nόλη η ζωή μου μέσα στο χαμόγελο σου\nγια πάντα θα μαστε μαζί\nκαι ας έρθει ανάποδα η γη\nαυτό που έψαχνα σε εσένα το ‘χω βρει','Dm                       Am\nC                          Dm\nF                  C\nA#          C        Dm\n\n           Dm\n           C\n       Gm                     F   C\n           Dm\n               C\n         A#          C            Dm\n\n\n\n\n\n\n\n\n\n\n\n',0,'AntonisNikos',0),(30,'Δεν ζητάω πολλά','\nΞανάρθες ξημερώματα,              (N)\nπριν σβήσουνε τ\'αστέρια\nκαι πριν προλάβω να σε δω\nμε πήρανε αιχμάλωτο,\nξανά, τα δυο σου χέρια\n \nΞανάρθες ξημερώματα\nκαι πάλι μεθυσμένη\nλες και δεν έχει το πρωί\nγια την αγάπη σου στιγμή\nκαι με το φως πεθαίνει\n \nΔε ζητάω πολλά\nμόνο αυτά που μου λες στο σκοτάδι\nνα τα πεις μια φορά\nμε το φως το πρωί κι ένα χάδι...\n\nΔε ζητάω πολλά...                   (AN)\n \nΞανάρθες ξημερώματα                   (A)\nκι όλο και με φιλούσες\nκι όλη την ώρα έψαχνα\nνα δω μέσα στα μάτια σου,\nμα εσύ δε με κοιτούσες\n\nΞανάρθες ξημερώματα\nκαι πάλι μεθυσμένη\nλες και δεν έχει το πρωί\nγια την αγάπη σου στιγμή\nκαι με το φως πεθαίνει\n\nΔε ζητάω πολλά...\n\nΔε ζητάω πολλά...                  (AN)\n\n                       ','Intro   (like chorus)\nAm            Dm\nE                 Am\nAm                      Dm\n                  E\n                  Am\n\n\n\n\n\n\n\nAm           Dm\n        E                     Am\nAm                Dm\n       E                  Am\n\n\n\n\n\n\n\n\n\n\n\n\n\n\n\n\n\n\n\nOutro   (like chorus)  με το φως το πρωί (E) - stop',0,'AntonisNikos',0),(31,'Μιλώ για σένα','Intro\n\nΜιλώ με τα ψηλά τα απάτητα βουνά\nΚαι τους μιλώ για σένα\nΠως έχεις ομορφιά και φρύδια τοξωτά\nΣαν πέτρινα γεφύρια\n\nΚαι μ\' απάντησαν τα γεφύρια χορταριάζουν\nΆμοιρη ψυχή μην ξεγελαστείς\n\nΜιλώ με του ουρανού τα μαύρα σύννεφά\nΚαι τους μιλώ για σένα\nΠως όταν περπατάς κοιτάω που πατάς\nΗ στέρφα γη ανθίζει\n\nΚαι μ\' απάντησαν η γη ανθίζει εκεί που θέλει\nΆμοιρη ψυχή μην ξεγελαστείς\n\nΜιλώ με τις πηγές που ζούνε μοναχές\nΚαι τους μιλώ για σένα\nΠως όταν με κοιτάς σαν λες πως μ\' αγαπάς\nΑγγέλοι φτερουγίζουν\n\nΚαι μ\' απάντησαν είναι χάρτινοι οι αγγέλοι\nΆμοιρη ψυχή μην ξεγελαστείς\n\nΚαι μ\' απάντησαν είναι χάρτινοι οι αγγέλοι\nΆμοιρη ψυχή μην ξεγελαστείς','Dm A# D Gm    Dm A# C Dm\n\nDm            A#     C   Dm    F\nF                  Dm\nDm              A#      C     Dm  F\nF             Gm Dm\nDm   C    Dm   -\nC             F  C           Dm\nC         F C           Dm\n\n\n\n\n\n\n\n\n\n\n\n\n\n\n\n\n\n\n',0,'AntonisNikos',0),(32,'Πεχλιβάνης','Intro\n\nΜια νύχτα θα \'ρθει από μακριά αέρας πεχλιβάνης\nΝα μη μπορείς να κοιμηθείς όταν τον ανασάνεις\nΘα\' χει θυμάρι στα μαλλιά, κράνα για σκουλαρίκια\nΚαι μες στο στόμα θα γυρνά ρητορικά χαλίκια   ] 2x\n \nΘα κατεβεί σαν άρχοντας, θα κατεβεί σα λύκος\nΝα πάρει χρώμα και ζωή της μοναξιάς ο κήπος\nΤα μελισσάκια θα γυρνούν γύρω απ\' τις πολυθρόνες\nΚαι το νερό το κρύσταλλο θα ρέει απ\' τις οθόνες   ] 2x\n \nΑγέρα να\' σαι τιμωρός, να \'σαι και παιχνιδιάρης\nΚι αν βαρεθεί η ψυχούλα μου, να \'ρθεις να μου την πάρεις\nΓια να κοιτάει από ψηλά του κόσμου τη ραστώνη\nΝα ξεχαστεί σαν των βουνών το περσινό το χιόνι   ] 2x\n\nOutro','  Em A Em   Em A Em                                                                                                  Em\n\nD                          Em D             Em\nD                       Em D              Em\nG                         Am                  Em\nD                       Em D             Em\n\n\n\n\n\n\n\n\n\n\n\n',0,'AntonisNikos',0),(33,'Ανδρομέδα','Άιντε, μες στης γης το πυρωμένο κέντρο,\nάιντε, δυο πουλιά φιλιούνται σ\' ένα δέντρο.\nΆιντε, πέφτει λάβα, λάβα απ\' τα φιλιά τους\nάιντε και φτερά απολιθωμένα απ\' τα κορμιά τους.\n\nIntro\n\nΆιντε, κει μακριά, μακριά στην Ανδρομέδα\nάιντε, πίνουν τσίπουρο και τρων\' λακέρδα\nάιντε, κάτι όντα περίεργα κι ωραία\nάντε, πού \'ναι μόνα και ψάχνουν για παρέα.\n\nΆιντε, κει ψηλά στην άκαρπη Μελούνα\nάιντε, φύτρωσε, φύτρωσε μια παπαρούνα\nάιντε, που \'χει στόμα, στόμα και δαγκάνει\nάιντε, κι όλο λέει πως δεν το ξανακάνει.\n\nΆιντε, κει βαθιά, βαθιά στα σωθικά μου\nάιντε, κάτι γίνεται κυρά μου.\nΆιντε, χίλια άλογα τυφλά γυρίζουν,\nάιντε, έξοδο ζητάν και μ\' αλωνίζουν.\n\nΆιντε, δω σιμά, κοντά δυο μέτρα βάθος,\nάιντε, λεν πως φυλακίζουνε το πάθος.\nΆιντε, ρίχνουν χώμα, με λουλούδια ραίνουν\nάιντε, και θαρρούν, θαρρούν πως ξεμπερδεύουν.\n','Em                      D        Em\nEm                     A             Em\nG                                   Am\nG                      A#m       D     Em\n\nG D G Am G Am D C Em D C Em\n\nEm              G       D            Em\nEm              G    D              Em\nG                              Am\nG                       A#m      D     Em\n\n\n\n\n\n\n\n\n\n\n\n\n\n\n\n',0,'AntonisNikos',0),(34,'Απόψε σιωπηλοί','\nIntro\n\nΑπόψε είμαστε κι οι δυο μας σιωπηλοί\nακόμα και οι λέξεις φοβήθηκαν τα χείλη\nτο ξέρω θα μου δώσεις ένα φιλί\nκαι θα μου πεις να μείνουμε δυο φίλοι   x 2\n\nΔε θέλω να ‘μαστε ούτε φίλοι ούτε εχθροί\nΘέλω να μη - θυμάμαι\nκι ούτε να ξέρω πού θα πας και ποια είναι αυτή\nΘέλω ένα όνειρο μονάχα να ‘ναι\nκι όταν ξυπνήσω το πρωί να είσαι εκεί\nγια να μου πεις να μη φοβάμαι\n\nIntro\n\nΔώσ’ μου λοιπόν το τελευταίο μας φιλί\nκαι ας καπνίσουμε μαζί κι ένα τσιγάρο\nκαι φύγε μη γυρίσεις να με δεις\nδε θέλω να με βλέπεις να πονάω  x 2\n\nΔε θέλω να ‘μαστε ...\n','\nAm Bm Am Bm D Bm Am Em D Em D C Am Bm\n\nBm                   Am           Bm\nAm                                Bm\nEm              D            Em\nEm          D       Am          Bm (1:Em)\n\nBm       D             Am             Bm\nBm      Am Em     Bm\nBm          D\nBm       Em        Am  Bm\nBm                                 D\nAm         G D  Am       C Bm\n\n\n\n\n\n\n\n\n\n',0,'AntonisNikos',0),(35,'Άρνηση','Στο περιγιάλι το κρυφό\nκι άσπρο σαν περιστέρι\nδιψάσαμε το μεσημέ ε  ρι\nμα το νερό γλυφό.\n\nΠάνω στην άμμο την ξανθή\nγράψαμε τ’ όνομά της\nΩραία που φύσηξε ο μπάτης\nκαι σβήστηκε η γραφή .\n\nΜε τι καρδιά, με τι πνοή,\nτι πόθους και τι πάθος\nπήραμε τη ζωή μας· λάθος!\nκι αλλάξαμε ζωή.','D              G  B  Em\n   D         G    A  D\n   D   A    G  F#m Em D\n    F#m  G  A  D\n\n\n\n\n\n\n\n\n\n',0,'AntonisNikos',0);
/*!40000 ALTER TABLE `song` ENABLE KEYS */;
UNLOCK TABLES;

--
-- Table structure for table `user`
--

DROP TABLE IF EXISTS `user`;
/*!40101 SET @saved_cs_client     = @@character_set_client */;
/*!50503 SET character_set_client = utf8mb4 */;
CREATE TABLE `user` (
  `username` varchar(20) COLLATE utf8mb4_general_ci NOT NULL,
  `password` varchar(20) COLLATE utf8mb4_general_ci DEFAULT NULL,
  PRIMARY KEY (`username`)
) ENGINE=InnoDB DEFAULT CHARSET=utf8mb4 COLLATE=utf8mb4_general_ci;
/*!40101 SET character_set_client = @saved_cs_client */;

--
-- Dumping data for table `user`
--

LOCK TABLES `user` WRITE;
/*!40000 ALTER TABLE `user` DISABLE KEYS */;
INSERT INTO `user` VALUES ('AntonisNikos','ablaoublas');
/*!40000 ALTER TABLE `user` ENABLE KEYS */;
UNLOCK TABLES;

--
-- Table structure for table `wrotelyrics`
--

DROP TABLE IF EXISTS `wrotelyrics`;
/*!40101 SET @saved_cs_client     = @@character_set_client */;
/*!50503 SET character_set_client = utf8mb4 */;
CREATE TABLE `wrotelyrics` (
  `lyricist` varchar(50) COLLATE utf8mb4_general_ci NOT NULL,
  `song_id` int NOT NULL,
  PRIMARY KEY (`lyricist`,`song_id`),
  KEY `song_id` (`song_id`),
  CONSTRAINT `wrotelyrics_ibfk_1` FOREIGN KEY (`lyricist`) REFERENCES `lyricist` (`name`),
  CONSTRAINT `wrotelyrics_ibfk_2` FOREIGN KEY (`song_id`) REFERENCES `song` (`id`)
) ENGINE=InnoDB DEFAULT CHARSET=utf8mb4 COLLATE=utf8mb4_general_ci;
/*!40101 SET character_set_client = @saved_cs_client */;

--
-- Dumping data for table `wrotelyrics`
--

LOCK TABLES `wrotelyrics` WRITE;
/*!40000 ALTER TABLE `wrotelyrics` DISABLE KEYS */;
INSERT INTO `wrotelyrics` VALUES ('Ρίτσος',1),('Μίκης Θεοδωράκης',2),('Lennon',3),('MacCartney',3),('Κατσιμίχας Πάνος',4),('Κατσιμίχας Χάρης',4),('Μπετίνη Βέτα',4),('Ανδρικάκης Αντώνης',5),('',6),('Ζώρας Σταύρος',7),('Διονύσης Σαββόπουλος',8),('Φερρής Κώστας',9),('Κηλαηδόνης Λουκιανός',10),('Πάνος Κατσιμίχας',11),('Χάρης Κατσιμίχας',11),('Δήμας Αλέξανδρος',12),('Guns and Roses',13),('Αλκαίος Άλκης',14),('Χάρης και Πάνος Κατσιμίχας',15),('Γιάννης Θεοδωράκης',16),('Μάλαμας Σωκράτης',17),('Ορφέας Περίδης',18),('Βασίλης Καζούλης',19),('Παύλος σιδηρόπουλος',20),('Λαυρέντης Μαχαιρίτσας',21),('Λαυρέντης Μαχαιρίτσας',22),('Λαυρέντης Μαχαιρίτσας',23),('Βασίλης Καζούλης',24),('Παντελής Θαλασσινός',25),('Ανδρικάκης Αντώνης',26),('Many',27),('',28),('',29),('',30),('Παπακωνσταντίνου Θανάσης',31),('Παπακωνσταντίνου Θανάσης',32),('Παπακωνσταντίνου Θανάσης',33),('Αλαγιάννη Βάσω',34),('Γιώργος Σεφέρης',35);
/*!40000 ALTER TABLE `wrotelyrics` ENABLE KEYS */;
UNLOCK TABLES;

--
-- Table structure for table `wrotemusic`
--

DROP TABLE IF EXISTS `wrotemusic`;
/*!40101 SET @saved_cs_client     = @@character_set_client */;
/*!50503 SET character_set_client = utf8mb4 */;
CREATE TABLE `wrotemusic` (
  `composer` varchar(50) COLLATE utf8mb4_general_ci NOT NULL,
  `song_id` int NOT NULL,
  PRIMARY KEY (`composer`,`song_id`),
  KEY `song_id` (`song_id`),
  CONSTRAINT `wrotemusic_ibfk_1` FOREIGN KEY (`composer`) REFERENCES `composer` (`name`),
  CONSTRAINT `wrotemusic_ibfk_2` FOREIGN KEY (`song_id`) REFERENCES `song` (`id`)
) ENGINE=InnoDB DEFAULT CHARSET=utf8mb4 COLLATE=utf8mb4_general_ci;
/*!40101 SET character_set_client = @saved_cs_client */;

--
-- Dumping data for table `wrotemusic`
--

LOCK TABLES `wrotemusic` WRITE;
/*!40000 ALTER TABLE `wrotemusic` DISABLE KEYS */;
INSERT INTO `wrotemusic` VALUES ('Μίκης Θεοδωράκης',1),('Μίκης Θεοδωράκης',2),('Lennon',3),('MacCartney',3),('Μπουρμάς Τάκης',4),('Νταλάρας Γιώργος',5),('',6),('Ζώρας Σταύρος',7),('Διονύσης Σαββόπουλος',8),('Ξαρχάκος Σταύρος',9),('Κηλαηδόνης Λουκιανός',10),('Πάνος Κατσιμίχας',11),('Χάρης Κατσιμίχας',11),('Δήμας Αλέξανδρος',12),('Guns and Roses',13),('Μικρούτσικος Θάνος',14),('Χάρης και Πάνος Κατσιμίχας',15),('Μίκης Θεοδωράκης',16),('Μάλαμας Σωκράτης',17),('Ορφέας Περίδης',18),('Βασίλης Καζούλης',19),('Παύλος σιδηρόπουλος',20),('Λαυρέντης Μαχαιρίτσας',21),('Λαυρέντης Μαχαιρίτσας',22),('Λαυρέντης Μαχαιρίτσας',23),('Βασίλης Καζούλης',24),('Παντελής Θαλασσινός',25),('Αντώνης Βαρδής',26),('',27),('Symon',28),('',29),('',30),('Παπακωνσταντίνου Θανάσης',31),('Παπακωνσταντίνου Θανάσης',32),('Παπακωνσταντίνου Θανάσης',33),('Αλαγιάννη Βάσω',34),('Μίκης Θεοδωράκης',35);
/*!40000 ALTER TABLE `wrotemusic` ENABLE KEYS */;
UNLOCK TABLES;
/*!40103 SET TIME_ZONE=@OLD_TIME_ZONE */;

/*!40101 SET SQL_MODE=@OLD_SQL_MODE */;
/*!40014 SET FOREIGN_KEY_CHECKS=@OLD_FOREIGN_KEY_CHECKS */;
/*!40014 SET UNIQUE_CHECKS=@OLD_UNIQUE_CHECKS */;
/*!40101 SET CHARACTER_SET_CLIENT=@OLD_CHARACTER_SET_CLIENT */;
/*!40101 SET CHARACTER_SET_RESULTS=@OLD_CHARACTER_SET_RESULTS */;
/*!40101 SET COLLATION_CONNECTION=@OLD_COLLATION_CONNECTION */;
/*!40111 SET SQL_NOTES=@OLD_SQL_NOTES */;

-- Dump completed on 2023-11-02 21:30:27
